"flight_id";"flight_no";"source";"destination";"departure_time";"arrival_time";"price";"seats_available";"status";"flight_name"
52;"AI201";"Delhi";"Dubai";"2026-07-01 10:00:00";"2026-07-01 12:30:00";18000.0;150;"ACTIVE";"Air India AI201"
53;"EK202";"Mumbai";"London";"2026-07-01 02:00:00";"2026-07-01 08:00:00";65000.0;200;"ACTIVE";"Emirates EK202"
54;"QR203";"Delhi";"Doha";"2026-07-01 03:00:00";"2026-07-01 04:30:00";22000.0;180;"ACTIVE";"Qatar QR203"
55;"SQ204";"Chennai";"Singapore";"2026-07-01 05:00:00";"2026-07-01 11:30:00";28000.0;160;"ACTIVE";"Singapore SQ204"
56;"BA205";"Delhi";"London";"2026-07-01 01:00:00";"2026-07-01 07:30:00";70000.0;220;"ACTIVE";"British BA205"
57;"AA206";"Delhi";"New York";"2026-07-02 02:00:00";"2026-07-02 14:00:00";95000.0;250;"ACTIVE";"American Airlines AA206"
58;"LH207";"Mumbai";"Frankfurt";"2026-07-02 03:30:00";"2026-07-02 09:00:00";68000.0;200;"ACTIVE";"Lufthansa LH207"
59;"AF208";"Delhi";"Paris";"2026-07-02 04:00:00";"2026-07-02 10:00:00";72000.0;210;"ACTIVE";"Air France AF208"
60;"JL209";"Bangalore";"Tokyo";"2026-07-02 05:00:00";"2026-07-02 13:00:00";85000.0;190;"ACTIVE";"Japan JL209"
61;"CX210";"Kolkata";"Hong Kong";"2026-07-02 06:00:00";"2026-07-02 10:30:00";40000.0;170;"ACTIVE";"Cathay CX210"
62;"TK211";"Delhi";"Istanbul";"2026-07-03 01:30:00";"2026-07-03 07:00:00";55000.0;200;"ACTIVE";"Turkish TK211"
63;"EY212";"Mumbai";"Abu Dhabi";"2026-07-03 02:30:00";"2026-07-03 04:00:00";24000.0;180;"ACTIVE";"Etihad EY212"
64;"AI213";"Delhi";"Toronto";"2026-07-03 03:00:00";"2026-07-03 15:00:00";98000.0;250;"ACTIVE";"Air India AI213"
65;"EK214";"Hyderabad";"Dubai";"2026-07-03 04:00:00";"2026-07-03 06:30:00";20000.0;150;"ACTIVE";"Emirates EK214"
66;"SQ215";"Delhi";"Singapore";"2026-07-03 05:00:00";"2026-07-03 11:00:00";30000.0;180;"ACTIVE";"Singapore SQ215"
67;"QR216";"Chennai";"Doha";"2026-07-04 01:00:00";"2026-07-04 02:30:00";23000.0;160;"ACTIVE";"Qatar QR216"
68;"BA217";"Mumbai";"London";"2026-07-04 02:00:00";"2026-07-04 08:30:00";69000.0;210;"ACTIVE";"British BA217"
69;"AA218";"Delhi";"Chicago";"2026-07-04 03:00:00";"2026-07-04 15:00:00";99000.0;250;"ACTIVE";"American AA218"
70;"LH219";"Bangalore";"Munich";"2026-07-04 04:00:00";"2026-07-04 10:00:00";67000.0;190;"ACTIVE";"Lufthansa LH219"
71;"AF220";"Kolkata";"Paris";"2026-07-04 05:00:00";"2026-07-04 11:00:00";71000.0;200;"ACTIVE";"Air France AF220"
72;"JL221";"Delhi";"Tokyo";"2026-07-05 01:00:00";"2026-07-05 09:00:00";86000.0;180;"ACTIVE";"Japan JL221"
73;"CX222";"Mumbai";"Hong Kong";"2026-07-05 02:00:00";"2026-07-05 08:00:00";42000.0;170;"ACTIVE";"Cathay CX222"
74;"TK223";"Chennai";"Istanbul";"2026-07-05 03:00:00";"2026-07-05 08:30:00";56000.0;190;"ACTIVE";"Turkish TK223"
75;"EY224";"Delhi";"Abu Dhabi";"2026-07-05 04:00:00";"2026-07-05 05:30:00";25000.0;160;"ACTIVE";"Etihad EY224"
76;"AI225";"Mumbai";"New York";"2026-07-05 05:00:00";"2026-07-05 17:00:00";100000.0;260;"ACTIVE";"Air India AI225"
77;"EK226";"Delhi";"Dubai";"2026-07-06 01:00:00";"2026-07-06 03:30:00";18500.0;150;"ACTIVE";"Emirates EK226"
78;"QR227";"Mumbai";"Doha";"2026-07-06 02:00:00";"2026-07-06 03:30:00";22500.0;180;"ACTIVE";"Qatar QR227"
79;"SQ228";"Delhi";"Singapore";"2026-07-06 03:00:00";"2026-07-06 09:00:00";31000.0;190;"ACTIVE";"Singapore SQ228"
80;"BA229";"Chennai";"London";"2026-07-06 04:00:00";"2026-07-06 10:30:00";71000.0;220;"ACTIVE";"British BA229"
81;"AA230";"Mumbai";"New York";"2026-07-06 05:00:00";"2026-07-06 17:00:00";98000.0;250;"ACTIVE";"American AA230"
82;"LH231";"Delhi";"Frankfurt";"2026-07-07 01:00:00";"2026-07-07 06:30:00";68000.0;200;"ACTIVE";"Lufthansa LH231"
83;"AF232";"Mumbai";"Paris";"2026-07-07 02:00:00";"2026-07-07 08:00:00";73000.0;210;"ACTIVE";"Air France AF232"
84;"JL233";"Chennai";"Tokyo";"2026-07-07 03:00:00";"2026-07-07 11:00:00";87000.0;190;"ACTIVE";"Japan JL233"
85;"CX234";"Delhi";"Hong Kong";"2026-07-07 04:00:00";"2026-07-07 08:30:00";41000.0;170;"ACTIVE";"Cathay CX234"
86;"TK235";"Mumbai";"Istanbul";"2026-07-07 05:00:00";"2026-07-07 10:30:00";57000.0;200;"ACTIVE";"Turkish TK235"
87;"EY236";"Delhi";"Abu Dhabi";"2026-07-08 01:00:00";"2026-07-08 02:30:00";24500.0;160;"ACTIVE";"Etihad EY236"
88;"AI237";"Mumbai";"Toronto";"2026-07-08 02:00:00";"2026-07-08 14:00:00";97000.0;250;"ACTIVE";"Air India AI237"
89;"EK238";"Delhi";"London";"2026-07-08 03:00:00";"2026-07-08 09:00:00";66000.0;210;"ACTIVE";"Emirates EK238"
90;"QR239";"Chennai";"Doha";"2026-07-08 04:00:00";"2026-07-08 05:30:00";23000.0;180;"ACTIVE";"Qatar QR239"
91;"SQ240";"Mumbai";"Singapore";"2026-07-08 05:00:00";"2026-07-08 11:00:00";29000.0;190;"ACTIVE";"Singapore SQ240"
92;"AI301";"Delhi";"Mumbai";"2026-08-01 06:00:00";"2026-08-01 08:10:00";5200.0;180;"ACTIVE";"Air India AI301"
93;"6E302";"Bangalore";"Delhi";"2026-08-01 07:15:00";"2026-08-01 10:05:00";4800.0;180;"ACTIVE";"IndiGo 6E302"
94;"UK303";"Mumbai";"Chennai";"2026-08-01 09:00:00";"2026-08-01 11:15:00";5500.0;170;"ACTIVE";"Vistara UK303"
95;"SG304";"Kolkata";"Hyderabad";"2026-08-01 10:20:00";"2026-08-01 12:40:00";4200.0;160;"ACTIVE";"SpiceJet SG304"
96;"QP305";"Delhi";"Goa";"2026-08-01 11:00:00";"2026-08-01 13:45:00";6100.0;150;"ACTIVE";"Akasa QP305"
97;"EK306";"Mumbai";"Dubai";"2026-08-01 14:00:00";"2026-08-01 16:30:00";18500.0;200;"ACTIVE";"Emirates EK306"
98;"QR307";"Delhi";"Doha";"2026-08-01 15:10:00";"2026-08-01 16:40:00";22000.0;180;"ACTIVE";"Qatar QR307"
99;"BA308";"Delhi";"London";"2026-08-01 01:30:00";"2026-08-01 07:45:00";72000.0;220;"ACTIVE";"British BA308"
100;"AF309";"Mumbai";"Paris";"2026-08-01 02:10:00";"2026-08-01 08:20:00";75000.0;210;"ACTIVE";"Air France AF309"
101;"LH310";"Bangalore";"Frankfurt";"2026-08-01 03:00:00";"2026-08-01 09:30:00";68000.0;200;"ACTIVE";"Lufthansa LH310"
102;"AI311";"Delhi";"New York";"2026-08-02 02:00:00";"2026-08-02 14:30:00";98000.0;250;"ACTIVE";"Air India AI311"
103;"JL312";"Chennai";"Tokyo";"2026-08-02 03:30:00";"2026-08-02 11:45:00";86000.0;190;"ACTIVE";"Japan JL312"
104;"CX313";"Kolkata";"Hong Kong";"2026-08-02 04:20:00";"2026-08-02 10:10:00";42000.0;170;"ACTIVE";"Cathay CX313"
105;"TK314";"Delhi";"Istanbul";"2026-08-02 05:00:00";"2026-08-02 10:20:00";56000.0;200;"ACTIVE";"Turkish TK314"
106;"EY315";"Mumbai";"Abu Dhabi";"2026-08-02 06:15:00";"2026-08-02 07:45:00";24000.0;180;"ACTIVE";"Etihad EY315"
107;"6E316";"Delhi";"Jaipur";"2026-08-02 07:00:00";"2026-08-02 08:10:00";2400.0;150;"ACTIVE";"IndiGo 6E316"
108;"SG317";"Mumbai";"Ahmedabad";"2026-08-02 08:30:00";"2026-08-02 09:40:00";2600.0;150;"ACTIVE";"SpiceJet SG317"
109;"UK318";"Bangalore";"Pune";"2026-08-02 09:50:00";"2026-08-02 11:10:00";3200.0;150;"ACTIVE";"Vistara UK318"
110;"AI319";"Chennai";"Delhi";"2026-08-02 10:15:00";"2026-08-02 13:05:00";5100.0;180;"ACTIVE";"Air India AI319"
111;"QP320";"Hyderabad";"Mumbai";"2026-08-02 11:25:00";"2026-08-02 12:55:00";3000.0;150;"ACTIVE";"Akasa QP320"
112;"EK321";"Delhi";"Dubai";"2026-08-03 01:00:00";"2026-08-03 03:30:00";19000.0;200;"ACTIVE";"Emirates EK321"
113;"QR322";"Mumbai";"Doha";"2026-08-03 02:00:00";"2026-08-03 03:30:00";22500.0;180;"ACTIVE";"Qatar QR322"
114;"BA323";"Chennai";"London";"2026-08-03 03:00:00";"2026-08-03 09:30:00";73000.0;220;"ACTIVE";"British BA323"
115;"AF324";"Delhi";"Paris";"2026-08-03 04:00:00";"2026-08-03 10:00:00";76000.0;210;"ACTIVE";"Air France AF324"
116;"LH325";"Mumbai";"Munich";"2026-08-03 05:00:00";"2026-08-03 11:30:00";69000.0;200;"ACTIVE";"Lufthansa LH325"
117;"AI326";"Delhi";"Toronto";"2026-08-03 06:00:00";"2026-08-03 18:00:00";99000.0;250;"ACTIVE";"Air India AI326"
118;"JL327";"Delhi";"Tokyo";"2026-08-03 07:00:00";"2026-08-03 15:00:00";87000.0;190;"ACTIVE";"Japan JL327"
119;"CX328";"Mumbai";"Hong Kong";"2026-08-03 08:00:00";"2026-08-03 14:00:00";43000.0;170;"ACTIVE";"Cathay CX328"
120;"TK329";"Bangalore";"Istanbul";"2026-08-03 09:00:00";"2026-08-03 14:30:00";57000.0;200;"ACTIVE";"Turkish TK329"
121;"EY330";"Delhi";"Abu Dhabi";"2026-08-03 10:00:00";"2026-08-03 11:30:00";24500.0;180;"ACTIVE";"Etihad EY330"
122;"6E331";"Kolkata";"Delhi";"2026-08-04 06:00:00";"2026-08-04 08:10:00";4500.0;160;"ACTIVE";"IndiGo 6E331"
123;"SG332";"Delhi";"Chennai";"2026-08-04 07:10:00";"2026-08-04 09:40:00";4800.0;160;"ACTIVE";"SpiceJet SG332"
124;"UK333";"Mumbai";"Bangalore";"2026-08-04 08:20:00";"2026-08-04 10:10:00";5200.0;170;"ACTIVE";"Vistara UK333"
125;"AI334";"Delhi";"Mumbai";"2026-08-04 09:30:00";"2026-08-04 11:40:00";5300.0;180;"ACTIVE";"Air India AI334"
126;"QP335";"Goa";"Delhi";"2026-08-04 10:40:00";"2026-08-04 13:10:00";6100.0;150;"ACTIVE";"Akasa QP335"
127;"EK336";"Mumbai";"London";"2026-08-04 01:00:00";"2026-08-04 07:30:00";70000.0;220;"ACTIVE";"Emirates EK336"
128;"QR337";"Delhi";"Doha";"2026-08-04 02:00:00";"2026-08-04 03:30:00";22000.0;180;"ACTIVE";"Qatar QR337"
129;"BA338";"Delhi";"London";"2026-08-04 03:00:00";"2026-08-04 09:20:00";72000.0;220;"ACTIVE";"British BA338"
130;"AF339";"Mumbai";"Paris";"2026-08-04 04:00:00";"2026-08-04 10:30:00";75000.0;210;"ACTIVE";"Air France AF339"
131;"LH340";"Bangalore";"Frankfurt";"2026-08-04 05:00:00";"2026-08-04 11:30:00";68000.0;200;"ACTIVE";"Lufthansa LH340"
132;"AI341";"Delhi";"New York";"2026-08-05 02:00:00";"2026-08-05 14:00:00";100000.0;250;"ACTIVE";"Air India AI341"
133;"JL342";"Chennai";"Tokyo";"2026-08-05 03:00:00";"2026-08-05 11:00:00";86000.0;190;"ACTIVE";"Japan JL342"
134;"CX343";"Kolkata";"Hong Kong";"2026-08-05 04:00:00";"2026-08-05 10:00:00";42000.0;170;"ACTIVE";"Cathay CX343"
135;"TK344";"Mumbai";"Istanbul";"2026-08-05 05:00:00";"2026-08-05 10:30:00";57000.0;200;"ACTIVE";"Turkish TK344"
136;"EY345";"Delhi";"Abu Dhabi";"2026-08-05 06:00:00";"2026-08-05 07:30:00";24500.0;180;"ACTIVE";"Etihad EY345"
137;"6E346";"Mumbai";"Delhi";"2026-08-05 07:00:00";"2026-08-05 09:10:00";5000.0;180;"ACTIVE";"IndiGo 6E346"
138;"SG347";"Delhi";"Mumbai";"2026-08-05 08:00:00";"2026-08-05 10:10:00";5200.0;160;"ACTIVE";"SpiceJet SG347"
139;"UK348";"Bangalore";"Chennai";"2026-08-05 09:00:00";"2026-08-05 10:00:00";2800.0;150;"ACTIVE";"Vistara UK348"
140;"AI349";"Chennai";"Kolkata";"2026-08-05 10:00:00";"2026-08-05 12:30:00";4500.0;180;"ACTIVE";"Air India AI349"
141;"QP350";"Hyderabad";"Delhi";"2026-08-05 11:00:00";"2026-08-05 13:30:00";4900.0;150;"ACTIVE";"Akasa QP350"
142;"AI351";"Delhi";"Bangalore";"2026-08-06 06:00:00";"2026-08-06 08:45:00";5400.0;180;"ACTIVE";"Air India AI351"
143;"6E352";"Mumbai";"Delhi";"2026-08-06 07:10:00";"2026-08-06 09:20:00";5100.0;180;"ACTIVE";"IndiGo 6E352"
144;"UK353";"Chennai";"Mumbai";"2026-08-06 08:00:00";"2026-08-06 10:10:00";5300.0;170;"ACTIVE";"Vistara UK353"
145;"SG354";"Kolkata";"Bangalore";"2026-08-06 09:15:00";"2026-08-06 11:50:00";4600.0;160;"ACTIVE";"SpiceJet SG354"
146;"QP355";"Delhi";"Hyderabad";"2026-08-06 10:00:00";"2026-08-06 12:10:00";4700.0;150;"ACTIVE";"Akasa QP355"
147;"EK356";"Mumbai";"Dubai";"2026-08-06 14:00:00";"2026-08-06 16:20:00";18800.0;200;"ACTIVE";"Emirates EK356"
148;"QR357";"Delhi";"Doha";"2026-08-06 15:00:00";"2026-08-06 16:25:00";22500.0;180;"ACTIVE";"Qatar QR357"
149;"BA358";"Delhi";"London";"2026-08-06 01:30:00";"2026-08-06 07:40:00";73500.0;220;"ACTIVE";"British BA358"
150;"AF359";"Mumbai";"Paris";"2026-08-06 02:00:00";"2026-08-06 08:10:00";76000.0;210;"ACTIVE";"Air France AF359"
151;"LH360";"Bangalore";"Frankfurt";"2026-08-06 03:00:00";"2026-08-06 09:20:00";69000.0;200;"ACTIVE";"Lufthansa LH360"
152;"AI361";"Delhi";"New York";"2026-08-07 02:00:00";"2026-08-07 14:20:00";101000.0;250;"ACTIVE";"Air India AI361"
153;"JL362";"Chennai";"Tokyo";"2026-08-07 03:30:00";"2026-08-07 11:40:00";87000.0;190;"ACTIVE";"Japan JL362"
154;"CX363";"Kolkata";"Hong Kong";"2026-08-07 04:15:00";"2026-08-07 10:05:00";43500.0;170;"ACTIVE";"Cathay CX363"
155;"TK364";"Mumbai";"Istanbul";"2026-08-07 05:00:00";"2026-08-07 10:25:00";57500.0;200;"ACTIVE";"Turkish TK364"
156;"EY365";"Delhi";"Abu Dhabi";"2026-08-07 06:10:00";"2026-08-07 07:40:00";25000.0;180;"ACTIVE";"Etihad EY365"
157;"6E366";"Bangalore";"Delhi";"2026-08-07 07:00:00";"2026-08-07 09:45:00";4900.0;180;"ACTIVE";"IndiGo 6E366"
158;"SG367";"Mumbai";"Chennai";"2026-08-07 08:20:00";"2026-08-07 10:40:00";5200.0;160;"ACTIVE";"SpiceJet SG367"
159;"UK368";"Delhi";"Pune";"2026-08-07 09:10:00";"2026-08-07 11:20:00";4100.0;150;"ACTIVE";"Vistara UK368"
160;"AI369";"Chennai";"Delhi";"2026-08-07 10:00:00";"2026-08-07 12:55:00";5300.0;180;"ACTIVE";"Air India AI369"
161;"QP370";"Hyderabad";"Mumbai";"2026-08-07 11:00:00";"2026-08-07 12:30:00";3000.0;150;"ACTIVE";"Akasa QP370"
162;"EK371";"Delhi";"Dubai";"2026-08-08 01:00:00";"2026-08-08 03:25:00";19000.0;200;"ACTIVE";"Emirates EK371"
163;"QR372";"Mumbai";"Doha";"2026-08-08 02:00:00";"2026-08-08 03:35:00";22800.0;180;"ACTIVE";"Qatar QR372"
164;"BA373";"Chennai";"London";"2026-08-08 03:00:00";"2026-08-08 09:25:00";74000.0;220;"ACTIVE";"British BA373"
165;"AF374";"Delhi";"Paris";"2026-08-08 04:00:00";"2026-08-08 10:05:00";76500.0;210;"ACTIVE";"Air France AF374"
166;"LH375";"Mumbai";"Munich";"2026-08-08 05:00:00";"2026-08-08 11:20:00";69500.0;200;"ACTIVE";"Lufthansa LH375"
167;"AI376";"Delhi";"Toronto";"2026-08-08 06:00:00";"2026-08-08 18:10:00";102000.0;250;"ACTIVE";"Air India AI376"
168;"JL377";"Delhi";"Tokyo";"2026-08-08 07:00:00";"2026-08-08 15:10:00";87500.0;190;"ACTIVE";"Japan JL377"
169;"CX378";"Mumbai";"Hong Kong";"2026-08-08 08:00:00";"2026-08-08 14:05:00";44000.0;170;"ACTIVE";"Cathay CX378"
170;"TK379";"Bangalore";"Istanbul";"2026-08-08 09:00:00";"2026-08-08 14:35:00";58000.0;200;"ACTIVE";"Turkish TK379"
171;"EY380";"Delhi";"Abu Dhabi";"2026-08-08 10:00:00";"2026-08-08 11:30:00";25500.0;180;"ACTIVE";"Etihad EY380"
172;"6E381";"Kolkata";"Delhi";"2026-08-09 06:10:00";"2026-08-09 08:25:00";4550.0;160;"ACTIVE";"IndiGo 6E381"
173;"SG382";"Delhi";"Bangalore";"2026-08-09 07:15:00";"2026-08-09 10:00:00";5000.0;160;"ACTIVE";"SpiceJet SG382"
174;"UK383";"Mumbai";"Ahmedabad";"2026-08-09 08:00:00";"2026-08-09 09:30:00";3100.0;150;"ACTIVE";"Vistara UK383"
175;"AI384";"Chennai";"Mumbai";"2026-08-09 09:20:00";"2026-08-09 11:25:00";5400.0;180;"ACTIVE";"Air India AI384"
176;"QP385";"Delhi";"Goa";"2026-08-09 10:30:00";"2026-08-09 13:00:00";6200.0;150;"ACTIVE";"Akasa QP385"
177;"EK386";"Mumbai";"London";"2026-08-09 01:00:00";"2026-08-09 07:35:00";74000.0;220;"ACTIVE";"Emirates EK386"
178;"QR387";"Delhi";"Doha";"2026-08-09 02:00:00";"2026-08-09 03:35:00";22900.0;180;"ACTIVE";"Qatar QR387"
179;"BA388";"Delhi";"London";"2026-08-09 03:00:00";"2026-08-09 09:10:00";73000.0;220;"ACTIVE";"British BA388"
180;"AF389";"Mumbai";"Paris";"2026-08-09 04:00:00";"2026-08-09 10:20:00";76000.0;210;"ACTIVE";"Air France AF389"
181;"LH390";"Bangalore";"Frankfurt";"2026-08-09 05:00:00";"2026-08-09 11:25:00";70000.0;200;"ACTIVE";"Lufthansa LH390"
182;"AI391";"Delhi";"New York";"2026-08-10 02:00:00";"2026-08-10 14:25:00";103000.0;250;"ACTIVE";"Air India AI391"
183;"JL392";"Chennai";"Tokyo";"2026-08-10 03:00:00";"2026-08-10 11:15:00";88000.0;190;"ACTIVE";"Japan JL392"
184;"CX393";"Kolkata";"Hong Kong";"2026-08-10 04:00:00";"2026-08-10 10:10:00";44500.0;170;"ACTIVE";"Cathay CX393"
185;"TK394";"Mumbai";"Istanbul";"2026-08-10 05:00:00";"2026-08-10 10:40:00";58500.0;200;"ACTIVE";"Turkish TK394"
186;"EY395";"Delhi";"Abu Dhabi";"2026-08-10 06:00:00";"2026-08-10 07:30:00";26000.0;180;"ACTIVE";"Etihad EY395"
187;"6E396";"Bangalore";"Mumbai";"2026-08-10 07:00:00";"2026-08-10 09:05:00";4800.0;180;"ACTIVE";"IndiGo 6E396"
188;"SG397";"Mumbai";"Delhi";"2026-08-10 08:00:00";"2026-08-10 10:10:00";5100.0;160;"ACTIVE";"SpiceJet SG397"
189;"UK398";"Delhi";"Chennai";"2026-08-10 09:00:00";"2026-08-10 11:40:00";5300.0;150;"ACTIVE";"Vistara UK398"
190;"AI399";"Kolkata";"Bangalore";"2026-08-10 10:00:00";"2026-08-10 12:35:00";4900.0;180;"ACTIVE";"Air India AI399"
191;"QP400";"Hyderabad";"Delhi";"2026-08-10 11:00:00";"2026-08-10 13:20:00";4700.0;150;"ACTIVE";"Akasa QP400"
192;"AI401";"Delhi";"Mumbai";"2026-08-11 06:00:00";"2026-08-11 08:10:00";5200.0;180;"ACTIVE";"Air India AI401"
193;"6E402";"Bangalore";"Delhi";"2026-08-11 07:10:00";"2026-08-11 09:55:00";4900.0;180;"ACTIVE";"IndiGo 6E402"
194;"UK403";"Chennai";"Mumbai";"2026-08-11 08:00:00";"2026-08-11 10:05:00";5300.0;170;"ACTIVE";"Vistara UK403"
195;"SG404";"Kolkata";"Hyderabad";"2026-08-11 09:15:00";"2026-08-11 11:40:00";4600.0;160;"ACTIVE";"SpiceJet SG404"
196;"QP405";"Delhi";"Goa";"2026-08-11 10:00:00";"2026-08-11 12:35:00";6100.0;150;"ACTIVE";"Akasa QP405"
197;"EK406";"Mumbai";"Dubai";"2026-08-11 14:00:00";"2026-08-11 16:25:00";18800.0;200;"ACTIVE";"Emirates EK406"
198;"QR407";"Delhi";"Doha";"2026-08-11 15:00:00";"2026-08-11 16:30:00";22500.0;180;"ACTIVE";"Qatar QR407"
199;"BA408";"Delhi";"London";"2026-08-11 01:30:00";"2026-08-11 07:50:00";73500.0;220;"ACTIVE";"British BA408"
200;"AF409";"Mumbai";"Paris";"2026-08-11 02:00:00";"2026-08-11 08:15:00";76000.0;210;"ACTIVE";"Air France AF409"
201;"LH410";"Bangalore";"Frankfurt";"2026-08-11 03:00:00";"2026-08-11 09:25:00";69000.0;200;"ACTIVE";"Lufthansa LH410"
202;"AI411";"Delhi";"New York";"2026-08-12 02:00:00";"2026-08-12 14:20:00";101500.0;250;"ACTIVE";"Air India AI411"
203;"JL412";"Chennai";"Tokyo";"2026-08-12 03:30:00";"2026-08-12 11:50:00";87500.0;190;"ACTIVE";"Japan JL412"
204;"CX413";"Kolkata";"Hong Kong";"2026-08-12 04:10:00";"2026-08-12 10:00:00";44000.0;170;"ACTIVE";"Cathay CX413"
205;"TK414";"Mumbai";"Istanbul";"2026-08-12 05:00:00";"2026-08-12 10:35:00";57500.0;200;"ACTIVE";"Turkish TK414"
206;"EY415";"Delhi";"Abu Dhabi";"2026-08-12 06:10:00";"2026-08-12 07:40:00";25000.0;180;"ACTIVE";"Etihad EY415"
207;"6E416";"Mumbai";"Delhi";"2026-08-12 07:00:00";"2026-08-12 09:15:00";5000.0;180;"ACTIVE";"IndiGo 6E416"
208;"SG417";"Delhi";"Chennai";"2026-08-12 08:20:00";"2026-08-12 10:50:00";4800.0;160;"ACTIVE";"SpiceJet SG417"
209;"UK418";"Bangalore";"Pune";"2026-08-12 09:30:00";"2026-08-12 11:10:00";4100.0;150;"ACTIVE";"Vistara UK418"
210;"AI419";"Chennai";"Delhi";"2026-08-12 10:10:00";"2026-08-12 13:05:00";5300.0;180;"ACTIVE";"Air India AI419"
211;"QP420";"Hyderabad";"Mumbai";"2026-08-12 11:00:00";"2026-08-12 12:30:00";3000.0;150;"ACTIVE";"Akasa QP420"
212;"EK421";"Delhi";"Dubai";"2026-08-13 01:00:00";"2026-08-13 03:25:00";19000.0;200;"ACTIVE";"Emirates EK421"
213;"QR422";"Mumbai";"Doha";"2026-08-13 02:00:00";"2026-08-13 03:35:00";22800.0;180;"ACTIVE";"Qatar QR422"
214;"BA423";"Chennai";"London";"2026-08-13 03:00:00";"2026-08-13 09:30:00";74000.0;220;"ACTIVE";"British BA423"
215;"AF424";"Delhi";"Paris";"2026-08-13 04:00:00";"2026-08-13 10:10:00";76500.0;210;"ACTIVE";"Air France AF424"
216;"LH425";"Mumbai";"Munich";"2026-08-13 05:00:00";"2026-08-13 11:25:00";69500.0;200;"ACTIVE";"Lufthansa LH425"
217;"AI426";"Delhi";"Toronto";"2026-08-13 06:00:00";"2026-08-13 18:10:00";102500.0;250;"ACTIVE";"Air India AI426"
218;"JL427";"Delhi";"Tokyo";"2026-08-13 07:00:00";"2026-08-13 15:10:00";88000.0;190;"ACTIVE";"Japan JL427"
219;"CX428";"Mumbai";"Hong Kong";"2026-08-13 08:00:00";"2026-08-13 14:05:00";44500.0;170;"ACTIVE";"Cathay CX428"
220;"TK429";"Bangalore";"Istanbul";"2026-08-13 09:00:00";"2026-08-13 14:40:00";58500.0;200;"ACTIVE";"Turkish TK429"
221;"EY430";"Delhi";"Abu Dhabi";"2026-08-13 10:00:00";"2026-08-13 11:30:00";25500.0;180;"ACTIVE";"Etihad EY430"
222;"6E431";"Kolkata";"Delhi";"2026-08-14 06:00:00";"2026-08-14 08:20:00";4550.0;160;"ACTIVE";"IndiGo 6E431"
223;"SG432";"Delhi";"Bangalore";"2026-08-14 07:10:00";"2026-08-14 09:55:00";5000.0;160;"ACTIVE";"SpiceJet SG432"
224;"UK433";"Mumbai";"Ahmedabad";"2026-08-14 08:00:00";"2026-08-14 09:25:00";3100.0;150;"ACTIVE";"Vistara UK433"
225;"AI434";"Chennai";"Mumbai";"2026-08-14 09:20:00";"2026-08-14 11:30:00";5400.0;180;"ACTIVE";"Air India AI434"
226;"QP435";"Delhi";"Goa";"2026-08-14 10:30:00";"2026-08-14 13:05:00";6200.0;150;"ACTIVE";"Akasa QP435"
227;"EK436";"Mumbai";"London";"2026-08-14 01:00:00";"2026-08-14 07:35:00";74500.0;220;"ACTIVE";"Emirates EK436"
228;"QR437";"Delhi";"Doha";"2026-08-14 02:00:00";"2026-08-14 03:30:00";22900.0;180;"ACTIVE";"Qatar QR437"
229;"BA438";"Delhi";"London";"2026-08-14 03:00:00";"2026-08-14 09:15:00";73500.0;220;"ACTIVE";"British BA438"
230;"AF439";"Mumbai";"Paris";"2026-08-14 04:00:00";"2026-08-14 10:20:00";76000.0;210;"ACTIVE";"Air France AF439"
231;"LH440";"Bangalore";"Frankfurt";"2026-08-14 05:00:00";"2026-08-14 11:30:00";70000.0;200;"ACTIVE";"Lufthansa LH440"
232;"AI441";"Delhi";"New York";"2026-08-15 02:00:00";"2026-08-15 14:30:00";103500.0;250;"ACTIVE";"Air India AI441"
233;"JL442";"Chennai";"Tokyo";"2026-08-15 03:00:00";"2026-08-15 11:20:00";88500.0;190;"ACTIVE";"Japan JL442"
234;"CX443";"Kolkata";"Hong Kong";"2026-08-15 04:00:00";"2026-08-15 10:15:00";45000.0;170;"ACTIVE";"Cathay CX443"
235;"TK444";"Mumbai";"Istanbul";"2026-08-15 05:00:00";"2026-08-15 10:45:00";59000.0;200;"ACTIVE";"Turkish TK444"
236;"EY445";"Delhi";"Abu Dhabi";"2026-08-15 06:00:00";"2026-08-15 07:30:00";26000.0;180;"ACTIVE";"Etihad EY445"
237;"6E446";"Bangalore";"Mumbai";"2026-08-15 07:00:00";"2026-08-15 09:10:00";4900.0;180;"ACTIVE";"IndiGo 6E446"
238;"SG447";"Mumbai";"Delhi";"2026-08-15 08:00:00";"2026-08-15 10:20:00";5100.0;160;"ACTIVE";"SpiceJet SG447"
239;"UK448";"Delhi";"Chennai";"2026-08-15 09:00:00";"2026-08-15 11:45:00";5300.0;150;"ACTIVE";"Vistara UK448"
240;"AI449";"Kolkata";"Bangalore";"2026-08-15 10:00:00";"2026-08-15 12:40:00";4950.0;180;"ACTIVE";"Air India AI449"
241;"QP450";"Hyderabad";"Delhi";"2026-08-15 11:00:00";"2026-08-15 13:25:00";4700.0;150;"ACTIVE";"Akasa QP450"
242;"6E774";"Pune";"Delhi";"2026-08-20 13:40:00";"2026-08-20 16:35:00";2595.0;150;"ACTIVE";"IndiGo 6E774"
243;"AI722";"Chennai";"Hyderabad";"2026-09-05 07:12:00";"2026-09-05 08:33:00";3958.0;150;"ACTIVE";"Air India AI722"
244;"AI789";"Hyderabad";"Kolkata";"2026-08-22 00:14:00";"2026-08-22 03:09:00";5677.0;150;"ACTIVE";"Air India AI789"
245;"SQ999";"Chennai";"Doha";"2026-08-26 17:34:00";"2026-08-26 20:24:00";93642.0;210;"ACTIVE";"Singapore SQ999"
246;"6E560";"Mumbai";"Goa";"2026-09-12 17:09:00";"2026-09-12 19:28:00";5633.0;160;"ACTIVE";"IndiGo 6E560"
247;"6E780";"Mumbai";"Chennai";"2026-09-19 13:40:00";"2026-09-19 15:02:00";3739.0;170;"ACTIVE";"IndiGo 6E780"
248;"AI772";"Kolkata";"Mumbai";"2026-09-05 18:10:00";"2026-09-05 20:47:00";3887.0;180;"ACTIVE";"Air India AI772"
249;"CX906";"Delhi";"Toronto";"2026-08-24 17:26:00";"2026-08-24 23:40:00";65393.0;190;"ACTIVE";"Cathay CX906"
250;"AF753";"Mumbai";"London";"2026-09-27 11:36:00";"2026-09-27 22:33:00";93290.0;190;"ACTIVE";"Air France AF753"
251;"SG714";"Mumbai";"Goa";"2026-08-24 00:11:00";"2026-08-24 02:26:00";2799.0;150;"ACTIVE";"SpiceJet SG714"
252;"BA539";"Delhi";"Singapore";"2026-09-22 02:47:00";"2026-09-22 16:11:00";73272.0;150;"ACTIVE";"British BA539"
253;"AA908";"Mumbai";"Hong Kong";"2026-09-07 03:31:00";"2026-09-07 15:24:00";63898.0;220;"ACTIVE";"American AA908"
254;"AI874";"Goa";"Delhi";"2026-09-19 01:17:00";"2026-09-19 02:34:00";6083.0;150;"ACTIVE";"Air India AI874"
255;"QP677";"Delhi";"Jaipur";"2026-08-17 02:17:00";"2026-08-17 04:52:00";4531.0;180;"ACTIVE";"Akasa QP677"
256;"AA530";"Mumbai";"Frankfurt";"2026-08-26 14:13:00";"2026-08-27 00:38:00";98074.0;160;"ACTIVE";"American AA530"
257;"BA541";"Mumbai";"Paris";"2026-08-24 01:49:00";"2026-08-24 12:17:00";70153.0;210;"ACTIVE";"British BA541"
258;"TK642";"Bangalore";"Tokyo";"2026-09-19 07:00:00";"2026-09-19 18:23:00";35947.0;210;"ACTIVE";"Turkish TK642"
259;"AA590";"Chennai";"Istanbul";"2026-08-23 08:16:00";"2026-08-23 11:40:00";48245.0;170;"ACTIVE";"American AA590"
260;"6E634";"Delhi";"Mumbai";"2026-08-29 16:28:00";"2026-08-29 18:01:00";6172.0;186;"ACTIVE";"IndiGo 6E634"
261;"SG663";"Kolkata";"Hyderabad";"2026-08-22 02:12:00";"2026-08-22 04:34:00";5224.0;186;"ACTIVE";"SpiceJet SG663"
262;"TK703";"Chennai";"Doha";"2026-09-04 08:50:00";"2026-09-04 17:31:00";77853.0;250;"ACTIVE";"Turkish TK703"
263;"SG606";"Pune";"Delhi";"2026-09-06 09:22:00";"2026-09-06 10:40:00";2709.0;160;"ACTIVE";"SpiceJet SG606"
264;"UK790";"Mumbai";"Kolkata";"2026-08-23 08:14:00";"2026-08-23 09:24:00";2630.0;150;"ACTIVE";"Vistara UK790"
265;"AA692";"Mumbai";"Dubai";"2026-08-23 05:04:00";"2026-08-23 17:32:00";27216.0;180;"ACTIVE";"American AA692"
266;"AA934";"Delhi";"Istanbul";"2026-09-08 16:38:00";"2026-09-08 20:36:00";80147.0;160;"ACTIVE";"American AA934"
267;"CX573";"Mumbai";"Toronto";"2026-08-20 23:03:00";"2026-08-21 02:30:00";81417.0;190;"ACTIVE";"Cathay CX573"
268;"LH605";"Mumbai";"Toronto";"2026-09-10 15:27:00";"2026-09-10 17:50:00";39160.0;250;"ACTIVE";"Lufthansa LH605"
269;"QP932";"Mumbai";"Delhi";"2026-08-28 16:13:00";"2026-08-28 18:52:00";4641.0;150;"ACTIVE";"Akasa QP932"
270;"BA898";"Delhi";"Hong Kong";"2026-09-09 09:41:00";"2026-09-09 20:55:00";47201.0;250;"ACTIVE";"British BA898"
271;"6E705";"Kolkata";"Mumbai";"2026-09-20 22:00:00";"2026-09-21 00:54:00";3798.0;160;"ACTIVE";"IndiGo 6E705"
272;"AF514";"Mumbai";"Singapore";"2026-08-17 08:32:00";"2026-08-17 23:00:00";82589.0;200;"ACTIVE";"Air France AF514"
273;"CX913";"Kolkata";"Paris";"2026-09-20 02:30:00";"2026-09-20 12:07:00";43381.0;200;"ACTIVE";"Cathay CX913"
274;"AA740";"Mumbai";"London";"2026-08-25 13:10:00";"2026-08-25 19:02:00";46896.0;160;"ACTIVE";"American AA740"
275;"SG676";"Kolkata";"Mumbai";"2026-09-23 19:39:00";"2026-09-23 22:12:00";2215.0;180;"ACTIVE";"SpiceJet SG676"
276;"SQ955";"Delhi";"New York";"2026-08-24 15:59:00";"2026-08-25 02:08:00";68926.0;180;"ACTIVE";"Singapore SQ955"
277;"SQ705";"Mumbai";"Hong Kong";"2026-09-21 02:04:00";"2026-09-21 11:58:00";29370.0;210;"ACTIVE";"Singapore SQ705"
278;"BA802";"Mumbai";"Frankfurt";"2026-09-28 22:13:00";"2026-09-29 02:47:00";34651.0;150;"ACTIVE";"British BA802"
279;"SQ979";"Delhi";"Chicago";"2026-09-02 00:15:00";"2026-09-02 13:28:00";98160.0;220;"ACTIVE";"Singapore SQ979"
280;"QP997";"Delhi";"Kolkata";"2026-09-20 06:16:00";"2026-09-20 09:08:00";2375.0;150;"ACTIVE";"Akasa QP997"
281;"TK514";"Mumbai";"New York";"2026-08-28 05:24:00";"2026-08-28 11:00:00";74860.0;180;"ACTIVE";"Turkish TK514"
282;"QP714";"Hyderabad";"Mumbai";"2026-09-25 11:54:00";"2026-09-25 14:13:00";4870.0;170;"ACTIVE";"Akasa QP714"
283;"UK969";"Jaipur";"Delhi";"2026-09-27 15:08:00";"2026-09-27 18:03:00";6433.0;180;"ACTIVE";"Vistara UK969"
284;"TK946";"Delhi";"Chicago";"2026-09-06 08:46:00";"2026-09-06 11:05:00";86617.0;250;"ACTIVE";"Turkish TK946"
285;"EY742";"Delhi";"Dubai";"2026-09-15 01:18:00";"2026-09-15 05:42:00";37634.0;170;"ACTIVE";"Etihad EY742"
286;"TK784";"Chennai";"Doha";"2026-09-08 10:08:00";"2026-09-08 21:11:00";60727.0;250;"ACTIVE";"Turkish TK784"
287;"QR521";"Chennai";"Doha";"2026-09-22 11:44:00";"2026-09-22 18:27:00";50570.0;180;"ACTIVE";"Qatar QR521"
288;"SG666";"Hyderabad";"Kolkata";"2026-09-14 17:38:00";"2026-09-14 19:44:00";2428.0;150;"ACTIVE";"SpiceJet SG666"
289;"EY760";"Chennai";"Singapore";"2026-09-10 21:19:00";"2026-09-11 07:02:00";44136.0;190;"ACTIVE";"Etihad EY760"
290;"TK957";"Mumbai";"Paris";"2026-08-25 20:01:00";"2026-08-26 07:33:00";86578.0;190;"ACTIVE";"Turkish TK957"
291;"BA661";"Mumbai";"Istanbul";"2026-08-19 12:31:00";"2026-08-19 22:03:00";33941.0;210;"ACTIVE";"British BA661"
292;"JL959";"Delhi";"London";"2026-09-22 17:11:00";"2026-09-22 21:16:00";45877.0;190;"ACTIVE";"Japan JL959"
293;"UK612";"Kolkata";"Delhi";"2026-09-21 05:56:00";"2026-09-21 08:05:00";4273.0;160;"ACTIVE";"Vistara UK612"
294;"JL861";"Delhi";"Singapore";"2026-09-05 22:45:00";"2026-09-06 03:30:00";39337.0;180;"ACTIVE";"Japan JL861"
295;"JL663";"Mumbai";"Hong Kong";"2026-08-20 11:24:00";"2026-08-20 19:29:00";73217.0;180;"ACTIVE";"Japan JL663"
296;"EK860";"Mumbai";"Hong Kong";"2026-08-16 21:04:00";"2026-08-17 06:35:00";90620.0;220;"ACTIVE";"Emirates EK860"
297;"QP557";"Kolkata";"Mumbai";"2026-09-29 14:11:00";"2026-09-29 15:29:00";4620.0;186;"ACTIVE";"Akasa QP557"
298;"QR963";"Mumbai";"London";"2026-09-22 19:35:00";"2026-09-22 22:15:00";52808.0;190;"ACTIVE";"Qatar QR963"
299;"6E970";"Ahmedabad";"Mumbai";"2026-09-09 23:45:00";"2026-09-10 01:14:00";4318.0;180;"ACTIVE";"IndiGo 6E970"
300;"AA593";"Mumbai";"London";"2026-09-05 15:31:00";"2026-09-06 05:15:00";54577.0;150;"ACTIVE";"American AA593"
301;"LH542";"Mumbai";"Dubai";"2026-09-14 12:34:00";"2026-09-14 19:00:00";101157.0;160;"ACTIVE";"Lufthansa LH542"
302;"QR673";"Kolkata";"Paris";"2026-09-11 20:21:00";"2026-09-11 22:32:00";33948.0;220;"ACTIVE";"Qatar QR673"
303;"LH622";"Mumbai";"New York";"2026-08-21 07:31:00";"2026-08-21 21:37:00";23663.0;250;"ACTIVE";"Lufthansa LH622"
304;"LH821";"Chennai";"Doha";"2026-08-30 19:21:00";"2026-08-31 02:40:00";41743.0;180;"ACTIVE";"Lufthansa LH821"
305;"AF591";"Chennai";"Tokyo";"2026-08-29 03:10:00";"2026-08-29 16:38:00";76417.0;250;"ACTIVE";"Air France AF591"
306;"AI875";"Delhi";"Goa";"2026-09-09 13:07:00";"2026-09-09 14:19:00";2502.0;150;"ACTIVE";"Air India AI875"
307;"AF554";"Chennai";"Singapore";"2026-09-16 22:59:00";"2026-09-17 08:36:00";80227.0;180;"ACTIVE";"Air France AF554"
308;"JL657";"Delhi";"Singapore";"2026-09-18 09:16:00";"2026-09-18 19:54:00";89553.0;210;"ACTIVE";"Japan JL657"
309;"6E677";"Chennai";"Bangalore";"2026-08-18 15:22:00";"2026-08-18 17:23:00";3827.0;160;"ACTIVE";"IndiGo 6E677"
310;"EK583";"Delhi";"London";"2026-08-18 16:32:00";"2026-08-19 01:53:00";99978.0;190;"ACTIVE";"Emirates EK583"
311;"SG854";"Chennai";"Hyderabad";"2026-08-30 05:26:00";"2026-08-30 07:07:00";4509.0;186;"ACTIVE";"SpiceJet SG854"
312;"6E686";"Mumbai";"Bangalore";"2026-08-31 23:13:00";"2026-09-01 00:23:00";4403.0;180;"ACTIVE";"IndiGo 6E686"
313;"TK611";"Kolkata";"Hong Kong";"2026-09-02 07:27:00";"2026-09-02 14:43:00";50040.0;150;"ACTIVE";"Turkish TK611"
314;"UK757";"Delhi";"Pune";"2026-09-16 20:18:00";"2026-09-16 22:03:00";2887.0;180;"ACTIVE";"Vistara UK757"
315;"QP545";"Delhi";"Mumbai";"2026-08-22 23:36:00";"2026-08-23 02:30:00";2944.0;170;"ACTIVE";"Akasa QP545"
316;"AI822";"Pune";"Delhi";"2026-08-27 07:14:00";"2026-08-27 09:02:00";2384.0;170;"ACTIVE";"Air India AI822"
317;"QP753";"Kolkata";"Delhi";"2026-08-23 06:08:00";"2026-08-23 08:50:00";5390.0;170;"ACTIVE";"Akasa QP753"
318;"QP719";"Kolkata";"Delhi";"2026-09-20 14:59:00";"2026-09-20 17:29:00";2558.0;186;"ACTIVE";"Akasa QP719"
319;"TK927";"Mumbai";"New York";"2026-09-24 11:06:00";"2026-09-24 22:48:00";86649.0;250;"ACTIVE";"Turkish TK927"
320;"SQ568";"Delhi";"Paris";"2026-09-15 22:17:00";"2026-09-16 00:59:00";29153.0;150;"ACTIVE";"Singapore SQ568"
321;"AI821";"Delhi";"Pune";"2026-08-16 21:57:00";"2026-08-16 23:13:00";5897.0;186;"ACTIVE";"Air India AI821"
322;"SQ733";"Mumbai";"Paris";"2026-09-23 17:23:00";"2026-09-23 19:26:00";82132.0;190;"ACTIVE";"Singapore SQ733"
323;"QP881";"Kolkata";"Hyderabad";"2026-09-20 18:25:00";"2026-09-20 19:43:00";2953.0;186;"ACTIVE";"Akasa QP881"
324;"QR878";"Kolkata";"Paris";"2026-09-16 13:13:00";"2026-09-16 19:09:00";48773.0;180;"ACTIVE";"Qatar QR878"
325;"CX647";"Chennai";"Istanbul";"2026-09-22 05:35:00";"2026-09-22 19:15:00";28058.0;220;"ACTIVE";"Cathay CX647"
326;"6E833";"Delhi";"Chennai";"2026-09-21 01:54:00";"2026-09-21 03:36:00";3407.0;170;"ACTIVE";"IndiGo 6E833"
327;"EY748";"Mumbai";"New York";"2026-08-29 01:08:00";"2026-08-29 04:10:00";19634.0;220;"ACTIVE";"Etihad EY748"
328;"QR764";"Mumbai";"Munich";"2026-08-29 20:40:00";"2026-08-30 10:45:00";82174.0;190;"ACTIVE";"Qatar QR764"
329;"CX543";"Delhi";"New York";"2026-09-07 23:01:00";"2026-09-08 06:20:00";89968.0;180;"ACTIVE";"Cathay CX543"
330;"SG698";"Delhi";"Chennai";"2026-08-26 04:28:00";"2026-08-26 06:12:00";6350.0;180;"ACTIVE";"SpiceJet SG698"
331;"AF882";"Delhi";"London";"2026-09-10 10:34:00";"2026-09-10 14:59:00";94214.0;160;"ACTIVE";"Air France AF882"
332;"UK860";"Delhi";"Kolkata";"2026-09-02 17:28:00";"2026-09-02 18:52:00";6367.0;170;"ACTIVE";"Vistara UK860"
333;"SG986";"Pune";"Delhi";"2026-09-08 20:52:00";"2026-09-08 22:02:00";2403.0;160;"ACTIVE";"SpiceJet SG986"
334;"JL692";"Delhi";"Tokyo";"2026-08-31 08:15:00";"2026-08-31 16:07:00";36442.0;210;"ACTIVE";"Japan JL692"
335;"UK703";"Delhi";"Mumbai";"2026-08-21 19:51:00";"2026-08-21 22:48:00";4858.0;170;"ACTIVE";"Vistara UK703"
336;"AF533";"Delhi";"Dubai";"2026-09-04 01:45:00";"2026-09-04 10:06:00";55988.0;190;"ACTIVE";"Air France AF533"
337;"QP640";"Delhi";"Chennai";"2026-09-26 11:16:00";"2026-09-26 14:02:00";5154.0;180;"ACTIVE";"Akasa QP640"
338;"AI997";"Bangalore";"Delhi";"2026-08-28 21:35:00";"2026-08-28 23:16:00";4539.0;160;"ACTIVE";"Air India AI997"
339;"AA915";"Bangalore";"Munich";"2026-09-21 23:23:00";"2026-09-22 01:52:00";66935.0;210;"ACTIVE";"American AA915"
340;"TK710";"Mumbai";"Munich";"2026-09-06 21:17:00";"2026-09-07 11:46:00";28561.0;150;"ACTIVE";"Turkish TK710"
341;"BA565";"Chennai";"Tokyo";"2026-08-24 06:57:00";"2026-08-24 18:20:00";81645.0;150;"ACTIVE";"British BA565"
342;"AA878";"Chennai";"Tokyo";"2026-09-16 16:35:00";"2026-09-17 07:11:00";57029.0;190;"ACTIVE";"American AA878"
343;"6E701";"Goa";"Mumbai";"2026-08-21 19:30:00";"2026-08-21 22:05:00";6158.0;186;"ACTIVE";"IndiGo 6E701"
344;"6E754";"Delhi";"Chennai";"2026-09-11 17:14:00";"2026-09-11 20:07:00";3902.0;186;"ACTIVE";"IndiGo 6E754"
345;"UK598";"Delhi";"Jaipur";"2026-08-27 20:22:00";"2026-08-27 22:42:00";5701.0;160;"ACTIVE";"Vistara UK598"
346;"UK688";"Hyderabad";"Kolkata";"2026-08-28 13:00:00";"2026-08-28 14:40:00";2946.0;170;"ACTIVE";"Vistara UK688"
347;"AF881";"Mumbai";"Dubai";"2026-09-10 10:42:00";"2026-09-10 19:45:00";72104.0;210;"ACTIVE";"Air France AF881"
348;"UK794";"Chennai";"Bangalore";"2026-09-02 11:35:00";"2026-09-02 13:20:00";2708.0;180;"ACTIVE";"Vistara UK794"
349;"QP959";"Hyderabad";"Chennai";"2026-08-28 01:28:00";"2026-08-28 03:12:00";3969.0;150;"ACTIVE";"Akasa QP959"
350;"SG516";"Ahmedabad";"Mumbai";"2026-09-05 15:23:00";"2026-09-05 16:49:00";4756.0;150;"ACTIVE";"SpiceJet SG516"
351;"CX976";"Delhi";"Singapore";"2026-09-29 23:49:00";"2026-09-30 08:29:00";18023.0;160;"ACTIVE";"Cathay CX976"
352;"TK614";"Delhi";"Toronto";"2026-08-23 11:51:00";"2026-08-23 15:42:00";76844.0;180;"ACTIVE";"Turkish TK614"
353;"AI520";"Jaipur";"Delhi";"2026-08-16 01:35:00";"2026-08-16 04:24:00";2896.0;186;"ACTIVE";"Air India AI520"
354;"AF820";"Delhi";"Doha";"2026-08-28 05:21:00";"2026-08-28 09:32:00";102607.0;190;"ACTIVE";"Air France AF820"
355;"JL768";"Delhi";"New York";"2026-09-13 07:07:00";"2026-09-13 14:14:00";31034.0;160;"ACTIVE";"Japan JL768"
356;"UK654";"Mumbai";"Hyderabad";"2026-09-07 08:44:00";"2026-09-07 11:02:00";2209.0;150;"ACTIVE";"Vistara UK654"
357;"UK780";"Hyderabad";"Mumbai";"2026-08-27 23:50:00";"2026-08-28 01:30:00";6093.0;186;"ACTIVE";"Vistara UK780"
358;"SG755";"Goa";"Mumbai";"2026-09-27 22:55:00";"2026-09-28 00:29:00";2653.0;150;"ACTIVE";"SpiceJet SG755"
359;"JL717";"Mumbai";"London";"2026-09-29 21:53:00";"2026-09-30 11:16:00";51719.0;180;"ACTIVE";"Japan JL717"
360;"SG849";"Delhi";"Bangalore";"2026-09-04 05:47:00";"2026-09-04 07:43:00";4969.0;180;"ACTIVE";"SpiceJet SG849"
361;"UK996";"Chennai";"Hyderabad";"2026-08-25 17:29:00";"2026-08-25 19:42:00";2752.0;160;"ACTIVE";"Vistara UK996"
362;"6E889";"Mumbai";"Hyderabad";"2026-09-28 04:08:00";"2026-09-28 05:51:00";6010.0;160;"ACTIVE";"IndiGo 6E889"
363;"QP713";"Bangalore";"Kolkata";"2026-09-29 04:41:00";"2026-09-29 06:53:00";3734.0;160;"ACTIVE";"Akasa QP713"
364;"EY512";"Delhi";"Chicago";"2026-09-13 22:32:00";"2026-09-14 04:10:00";69571.0;150;"ACTIVE";"Etihad EY512"
365;"AI959";"Bangalore";"Delhi";"2026-09-19 13:34:00";"2026-09-19 15:41:00";3708.0;180;"ACTIVE";"Air India AI959"
366;"QR594";"Mumbai";"London";"2026-09-16 16:10:00";"2026-09-16 21:25:00";39709.0;200;"ACTIVE";"Qatar QR594"
367;"CX669";"Delhi";"Doha";"2026-09-06 11:28:00";"2026-09-06 19:50:00";58871.0;210;"ACTIVE";"Cathay CX669"
368;"AI715";"Chennai";"Delhi";"2026-09-27 23:18:00";"2026-09-28 01:12:00";4492.0;150;"ACTIVE";"Air India AI715"
369;"6E911";"Delhi";"Pune";"2026-09-05 23:50:00";"2026-09-06 02:45:00";5121.0;170;"ACTIVE";"IndiGo 6E911"
370;"SG598";"Delhi";"Hyderabad";"2026-08-31 16:40:00";"2026-08-31 18:47:00";5253.0;186;"ACTIVE";"SpiceJet SG598"
371;"SG820";"Mumbai";"Delhi";"2026-09-22 05:13:00";"2026-09-22 08:06:00";5565.0;160;"ACTIVE";"SpiceJet SG820"
372;"JL631";"Delhi";"Doha";"2026-08-25 11:07:00";"2026-08-25 14:10:00";78824.0;160;"ACTIVE";"Japan JL631"
373;"EY990";"Mumbai";"Hong Kong";"2026-09-14 22:49:00";"2026-09-15 06:32:00";65575.0;190;"ACTIVE";"Etihad EY990"
374;"UK886";"Goa";"Delhi";"2026-09-13 21:53:00";"2026-09-14 00:35:00";4636.0;150;"ACTIVE";"Vistara UK886"
375;"SQ743";"Delhi";"London";"2026-09-19 17:42:00";"2026-09-19 21:31:00";21179.0;180;"ACTIVE";"Singapore SQ743"
376;"JL975";"Kolkata";"Paris";"2026-09-09 02:30:00";"2026-09-09 06:45:00";74352.0;220;"ACTIVE";"Japan JL975"
377;"UK663";"Kolkata";"Delhi";"2026-09-07 08:50:00";"2026-09-07 11:50:00";4134.0;170;"ACTIVE";"Vistara UK663"
378;"QP885";"Chennai";"Delhi";"2026-08-23 18:20:00";"2026-08-23 20:20:00";6393.0;160;"ACTIVE";"Akasa QP885"
379;"AI666";"Delhi";"Bangalore";"2026-08-23 19:13:00";"2026-08-23 21:32:00";6146.0;186;"ACTIVE";"Air India AI666"
380;"QR549";"Delhi";"London";"2026-09-05 10:34:00";"2026-09-05 16:07:00";52719.0;160;"ACTIVE";"Qatar QR549"
381;"CX735";"Bangalore";"Frankfurt";"2026-09-15 02:42:00";"2026-09-15 11:48:00";48696.0;170;"ACTIVE";"Cathay CX735"
382;"AF790";"Delhi";"New York";"2026-08-28 23:51:00";"2026-08-29 06:37:00";56525.0;190;"ACTIVE";"Air France AF790"
383;"UK625";"Delhi";"Hyderabad";"2026-08-27 10:22:00";"2026-08-27 11:55:00";5799.0;160;"ACTIVE";"Vistara UK625"
384;"QP628";"Delhi";"Hyderabad";"2026-08-27 22:33:00";"2026-08-28 00:33:00";4873.0;150;"ACTIVE";"Akasa QP628"
385;"AF552";"Chennai";"London";"2026-08-16 05:14:00";"2026-08-16 07:51:00";103632.0;220;"ACTIVE";"Air France AF552"
386;"AF619";"Delhi";"Abu Dhabi";"2026-08-21 18:53:00";"2026-08-22 01:53:00";67004.0;150;"ACTIVE";"Air France AF619"
387;"QP762";"Lucknow";"Delhi";"2026-09-27 01:06:00";"2026-09-27 03:03:00";3790.0;150;"ACTIVE";"Akasa QP762"
388;"QP805";"Delhi";"Goa";"2026-09-19 10:52:00";"2026-09-19 13:23:00";2251.0;150;"ACTIVE";"Akasa QP805"
389;"AF522";"Delhi";"Doha";"2026-08-25 21:38:00";"2026-08-26 02:02:00";66327.0;200;"ACTIVE";"Air France AF522"
390;"EK847";"Mumbai";"Munich";"2026-09-03 01:11:00";"2026-09-03 10:09:00";19491.0;200;"ACTIVE";"Emirates EK847"
391;"UK753";"Delhi";"Chennai";"2026-09-11 14:31:00";"2026-09-11 17:22:00";3866.0;150;"ACTIVE";"Vistara UK753"
392;"JL827";"Chennai";"London";"2026-09-10 22:09:00";"2026-09-11 02:47:00";69812.0;250;"ACTIVE";"Japan JL827"
393;"6E841";"Pune";"Delhi";"2026-08-30 22:22:00";"2026-08-31 00:08:00";4421.0;180;"ACTIVE";"IndiGo 6E841"
394;"EK713";"Delhi";"Tokyo";"2026-08-16 21:13:00";"2026-08-17 06:17:00";92254.0;200;"ACTIVE";"Emirates EK713"
395;"AA982";"Bangalore";"Munich";"2026-08-16 06:50:00";"2026-08-16 12:18:00";69213.0;210;"ACTIVE";"American AA982"
396;"BA795";"Mumbai";"Abu Dhabi";"2026-09-27 20:34:00";"2026-09-28 05:29:00";32881.0;160;"ACTIVE";"British BA795"
397;"6E572";"Delhi";"Kolkata";"2026-09-16 02:25:00";"2026-09-16 04:45:00";2321.0;150;"ACTIVE";"IndiGo 6E572"
398;"JL758";"Mumbai";"London";"2026-08-24 08:01:00";"2026-08-24 22:35:00";93086.0;200;"ACTIVE";"Japan JL758"
399;"UK555";"Mumbai";"Bangalore";"2026-09-03 15:05:00";"2026-09-03 16:23:00";6469.0;160;"ACTIVE";"Vistara UK555"
400;"AF661";"Delhi";"Tokyo";"2026-08-18 14:11:00";"2026-08-19 00:25:00";34600.0;150;"ACTIVE";"Air France AF661"
401;"SQ902";"Chennai";"Istanbul";"2026-09-26 13:59:00";"2026-09-27 02:54:00";29310.0;170;"ACTIVE";"Singapore SQ902"
402;"SG789";"Kolkata";"Mumbai";"2026-08-26 14:08:00";"2026-08-26 15:41:00";3806.0;180;"ACTIVE";"SpiceJet SG789"
403;"QP576";"Mumbai";"Bangalore";"2026-08-27 23:50:00";"2026-08-28 01:15:00";5342.0;170;"ACTIVE";"Akasa QP576"
404;"AF929";"Delhi";"Doha";"2026-08-31 17:43:00";"2026-09-01 07:06:00";91707.0;150;"ACTIVE";"Air France AF929"
405;"QP798";"Jaipur";"Delhi";"2026-08-28 02:24:00";"2026-08-28 04:13:00";4708.0;180;"ACTIVE";"Akasa QP798"
406;"SQ591";"Delhi";"Istanbul";"2026-08-17 03:14:00";"2026-08-17 12:42:00";76561.0;250;"ACTIVE";"Singapore SQ591"
407;"SG816";"Jaipur";"Delhi";"2026-09-22 20:44:00";"2026-09-22 23:31:00";4127.0;180;"ACTIVE";"SpiceJet SG816"
408;"BA683";"Mumbai";"Toronto";"2026-09-05 21:41:00";"2026-09-06 00:49:00";70473.0;160;"ACTIVE";"British BA683"
409;"SG825";"Chennai";"Hyderabad";"2026-08-22 07:46:00";"2026-08-22 09:01:00";6379.0;150;"ACTIVE";"SpiceJet SG825"
410;"UK758";"Chennai";"Hyderabad";"2026-09-28 10:35:00";"2026-09-28 13:21:00";2855.0;150;"ACTIVE";"Vistara UK758"
411;"6E854";"Mumbai";"Delhi";"2026-09-24 13:31:00";"2026-09-24 16:14:00";2743.0;186;"ACTIVE";"IndiGo 6E854"
412;"6E903";"Bangalore";"Kolkata";"2026-09-20 00:07:00";"2026-09-20 02:44:00";4558.0;160;"ACTIVE";"IndiGo 6E903"
413;"QR665";"Delhi";"Hong Kong";"2026-09-28 12:32:00";"2026-09-28 17:14:00";98012.0;190;"ACTIVE";"Qatar QR665"
414;"CX606";"Delhi";"Chicago";"2026-09-13 17:35:00";"2026-09-14 03:46:00";51313.0;250;"ACTIVE";"Cathay CX606"
415;"QP601";"Hyderabad";"Mumbai";"2026-08-24 20:09:00";"2026-08-24 21:23:00";4813.0;170;"ACTIVE";"Akasa QP601"
416;"SQ905";"Bangalore";"Tokyo";"2026-09-23 02:26:00";"2026-09-23 07:18:00";60968.0;210;"ACTIVE";"Singapore SQ905"
417;"QP766";"Bangalore";"Delhi";"2026-09-13 03:47:00";"2026-09-13 06:08:00";5147.0;180;"ACTIVE";"Akasa QP766"
418;"QR908";"Kolkata";"Paris";"2026-09-03 00:47:00";"2026-09-03 15:22:00";88215.0;210;"ACTIVE";"Qatar QR908"
419;"UK891";"Delhi";"Lucknow";"2026-08-19 22:49:00";"2026-08-20 00:41:00";3397.0;170;"ACTIVE";"Vistara UK891"
420;"BA658";"Chennai";"Doha";"2026-09-16 00:45:00";"2026-09-16 07:04:00";56847.0;250;"ACTIVE";"British BA658"
421;"EY576";"Kolkata";"Hong Kong";"2026-08-30 03:00:00";"2026-08-30 08:46:00";18234.0;150;"ACTIVE";"Etihad EY576"
422;"JL567";"Mumbai";"Istanbul";"2026-09-08 17:01:00";"2026-09-08 19:49:00";85197.0;200;"ACTIVE";"Japan JL567"
423;"AI681";"Mumbai";"Delhi";"2026-08-30 17:52:00";"2026-08-30 20:14:00";2645.0;150;"ACTIVE";"Air India AI681"
424;"UK801";"Kolkata";"Hyderabad";"2026-08-22 11:48:00";"2026-08-22 14:12:00";4037.0;180;"ACTIVE";"Vistara UK801"
425;"QP979";"Kolkata";"Bangalore";"2026-09-23 21:49:00";"2026-09-23 23:00:00";3499.0;160;"ACTIVE";"Akasa QP979"
426;"6E574";"Delhi";"Jaipur";"2026-09-27 07:07:00";"2026-09-27 09:38:00";2984.0;150;"ACTIVE";"IndiGo 6E574"
427;"LH830";"Bangalore";"Istanbul";"2026-09-24 20:23:00";"2026-09-24 23:20:00";52634.0;150;"ACTIVE";"Lufthansa LH830"
428;"AA752";"Delhi";"Abu Dhabi";"2026-08-28 01:31:00";"2026-08-28 16:02:00";96889.0;250;"ACTIVE";"American AA752"
429;"AI707";"Delhi";"Bangalore";"2026-08-25 00:18:00";"2026-08-25 01:31:00";2704.0;186;"ACTIVE";"Air India AI707"
430;"AI836";"Mumbai";"Chennai";"2026-08-25 13:49:00";"2026-08-25 16:09:00";2301.0;186;"ACTIVE";"Air India AI836"
431;"6E813";"Hyderabad";"Chennai";"2026-08-24 11:28:00";"2026-08-24 14:22:00";6352.0;180;"ACTIVE";"IndiGo 6E813"
432;"QR900";"Delhi";"Tokyo";"2026-09-08 04:49:00";"2026-09-08 19:10:00";100046.0;150;"ACTIVE";"Qatar QR900"
433;"EK879";"Chennai";"Istanbul";"2026-09-16 19:44:00";"2026-09-16 23:06:00";75232.0;220;"ACTIVE";"Emirates EK879"
434;"AF519";"Chennai";"London";"2026-08-21 23:36:00";"2026-08-22 12:35:00";52265.0;180;"ACTIVE";"Air France AF519"
435;"UK723";"Bangalore";"Delhi";"2026-09-18 06:56:00";"2026-09-18 09:32:00";4378.0;186;"ACTIVE";"Vistara UK723"
436;"TK950";"Kolkata";"Paris";"2026-09-09 15:11:00";"2026-09-09 18:38:00";56747.0;180;"ACTIVE";"Turkish TK950"
437;"UK968";"Hyderabad";"Mumbai";"2026-08-31 20:49:00";"2026-08-31 23:34:00";3861.0;160;"ACTIVE";"Vistara UK968"
438;"SG822";"Chennai";"Bangalore";"2026-09-29 17:49:00";"2026-09-29 20:48:00";4159.0;180;"ACTIVE";"SpiceJet SG822"
439;"SQ503";"Mumbai";"Toronto";"2026-09-26 15:05:00";"2026-09-27 04:59:00";79884.0;250;"ACTIVE";"Singapore SQ503"
440;"6E818";"Delhi";"Lucknow";"2026-09-13 09:57:00";"2026-09-13 11:57:00";4721.0;160;"ACTIVE";"IndiGo 6E818"
441;"6E554";"Kolkata";"Delhi";"2026-09-15 04:38:00";"2026-09-15 06:02:00";2469.0;150;"ACTIVE";"IndiGo 6E554"
442;"AA570";"Delhi";"Chicago";"2026-09-18 14:58:00";"2026-09-18 17:40:00";21766.0;150;"ACTIVE";"American AA570"
443;"EK890";"Delhi";"London";"2026-09-02 15:23:00";"2026-09-03 03:27:00";24119.0;160;"ACTIVE";"Emirates EK890"
444;"QP605";"Delhi";"Chennai";"2026-08-25 20:41:00";"2026-08-25 22:22:00";5344.0;150;"ACTIVE";"Akasa QP605"
445;"AI567";"Chennai";"Delhi";"2026-08-20 18:01:00";"2026-08-20 19:23:00";4554.0;180;"ACTIVE";"Air India AI567"
446;"SQ716";"Mumbai";"Munich";"2026-08-28 16:16:00";"2026-08-29 00:00:00";56595.0;200;"ACTIVE";"Singapore SQ716"
447;"UK893";"Mumbai";"Goa";"2026-09-14 05:23:00";"2026-09-14 07:14:00";2596.0;170;"ACTIVE";"Vistara UK893"
448;"LH765";"Mumbai";"Dubai";"2026-09-22 12:38:00";"2026-09-22 22:04:00";72122.0;150;"ACTIVE";"Lufthansa LH765"
449;"SG919";"Bangalore";"Delhi";"2026-08-29 22:30:00";"2026-08-30 00:53:00";3974.0;150;"ACTIVE";"SpiceJet SG919"
450;"AI884";"Hyderabad";"Chennai";"2026-08-18 14:52:00";"2026-08-18 17:39:00";3855.0;170;"ACTIVE";"Air India AI884"
451;"SG803";"Mumbai";"Chennai";"2026-09-01 20:30:00";"2026-09-01 22:43:00";6226.0;160;"ACTIVE";"SpiceJet SG803"
452;"TK917";"Kolkata";"Paris";"2026-08-26 10:09:00";"2026-08-26 16:59:00";93760.0;170;"ACTIVE";"Turkish TK917"
453;"AF892";"Delhi";"Singapore";"2026-08-19 22:14:00";"2026-08-20 11:05:00";39730.0;160;"ACTIVE";"Air France AF892"
454;"TK548";"Chennai";"London";"2026-09-04 11:30:00";"2026-09-04 19:34:00";100304.0;200;"ACTIVE";"Turkish TK548"
455;"QR605";"Mumbai";"Abu Dhabi";"2026-08-30 17:11:00";"2026-08-31 01:31:00";102654.0;150;"ACTIVE";"Qatar QR605"
456;"QP619";"Chennai";"Hyderabad";"2026-09-07 08:59:00";"2026-09-07 11:29:00";3601.0;180;"ACTIVE";"Akasa QP619"
457;"QP667";"Mumbai";"Kolkata";"2026-09-10 07:51:00";"2026-09-10 10:15:00";2477.0;170;"ACTIVE";"Akasa QP667"
458;"SG724";"Hyderabad";"Kolkata";"2026-09-18 10:48:00";"2026-09-18 12:57:00";4848.0;160;"ACTIVE";"SpiceJet SG724"
459;"EY829";"Delhi";"Paris";"2026-09-27 23:14:00";"2026-09-28 09:07:00";34522.0;200;"ACTIVE";"Etihad EY829"
460;"TK860";"Bangalore";"Munich";"2026-09-25 02:58:00";"2026-09-25 17:50:00";53059.0;190;"ACTIVE";"Turkish TK860"
461;"BA767";"Delhi";"Chicago";"2026-09-01 22:11:00";"2026-09-02 10:28:00";50450.0;200;"ACTIVE";"British BA767"
462;"UK992";"Delhi";"Hyderabad";"2026-09-16 22:30:00";"2026-09-17 00:01:00";4319.0;150;"ACTIVE";"Vistara UK992"
463;"SG652";"Kolkata";"Delhi";"2026-09-06 02:43:00";"2026-09-06 05:26:00";3415.0;170;"ACTIVE";"SpiceJet SG652"
464;"AI737";"Mumbai";"Chennai";"2026-08-17 15:31:00";"2026-08-17 17:30:00";4500.0;160;"ACTIVE";"Air India AI737"
465;"SG511";"Mumbai";"Hyderabad";"2026-08-22 21:13:00";"2026-08-22 23:22:00";6299.0;170;"ACTIVE";"SpiceJet SG511"
466;"SG793";"Delhi";"Mumbai";"2026-09-13 12:24:00";"2026-09-13 15:03:00";4184.0;180;"ACTIVE";"SpiceJet SG793"
467;"JL592";"Delhi";"Paris";"2026-09-16 03:26:00";"2026-09-16 17:01:00";103522.0;180;"ACTIVE";"Japan JL592"
468;"SG624";"Bangalore";"Chennai";"2026-09-22 23:32:00";"2026-09-23 01:35:00";4328.0;150;"ACTIVE";"SpiceJet SG624"
469;"SQ510";"Mumbai";"Frankfurt";"2026-09-15 04:10:00";"2026-09-15 14:24:00";50775.0;210;"ACTIVE";"Singapore SQ510"
470;"TK699";"Bangalore";"Frankfurt";"2026-09-25 09:12:00";"2026-09-25 11:22:00";103785.0;200;"ACTIVE";"Turkish TK699"
471;"QR582";"Delhi";"Doha";"2026-09-19 18:27:00";"2026-09-20 00:10:00";50928.0;250;"ACTIVE";"Qatar QR582"
472;"AF733";"Mumbai";"Singapore";"2026-09-11 06:21:00";"2026-09-11 18:09:00";63640.0;160;"ACTIVE";"Air France AF733"
473;"SG675";"Chennai";"Hyderabad";"2026-09-04 22:05:00";"2026-09-05 00:21:00";2331.0;170;"ACTIVE";"SpiceJet SG675"
474;"CX890";"Mumbai";"Munich";"2026-08-21 22:36:00";"2026-08-22 09:22:00";42091.0;210;"ACTIVE";"Cathay CX890"
475;"EY640";"Delhi";"Hong Kong";"2026-09-03 12:52:00";"2026-09-03 19:10:00";101567.0;150;"ACTIVE";"Etihad EY640"
476;"AI857";"Delhi";"Chennai";"2026-09-17 18:17:00";"2026-09-17 20:47:00";5629.0;180;"ACTIVE";"Air India AI857"
477;"UK705";"Mumbai";"Chennai";"2026-09-10 14:05:00";"2026-09-10 16:49:00";4038.0;170;"ACTIVE";"Vistara UK705"
478;"JL897";"Delhi";"Toronto";"2026-08-19 08:16:00";"2026-08-19 12:28:00";45788.0;170;"ACTIVE";"Japan JL897"
479;"SQ615";"Bangalore";"Munich";"2026-09-24 13:07:00";"2026-09-25 03:25:00";79493.0;250;"ACTIVE";"Singapore SQ615"
480;"AA780";"Mumbai";"Istanbul";"2026-09-16 12:50:00";"2026-09-17 03:48:00";79354.0;190;"ACTIVE";"American AA780"
481;"SG692";"Bangalore";"Pune";"2026-09-18 08:56:00";"2026-09-18 11:36:00";4087.0;170;"ACTIVE";"SpiceJet SG692"
482;"SG869";"Bangalore";"Mumbai";"2026-09-23 18:48:00";"2026-09-23 21:41:00";6145.0;150;"ACTIVE";"SpiceJet SG869"
483;"6E719";"Goa";"Mumbai";"2026-09-15 06:16:00";"2026-09-15 08:28:00";4824.0;180;"ACTIVE";"IndiGo 6E719"
484;"SQ529";"Delhi";"Istanbul";"2026-08-20 03:21:00";"2026-08-20 11:55:00";38021.0;190;"ACTIVE";"Singapore SQ529"
485;"AA798";"Mumbai";"New York";"2026-08-16 17:27:00";"2026-08-17 06:15:00";87553.0;200;"ACTIVE";"American AA798"
486;"AF811";"Delhi";"London";"2026-08-20 22:16:00";"2026-08-21 04:32:00";103977.0;190;"ACTIVE";"Air France AF811"
487;"AF606";"Bangalore";"Frankfurt";"2026-09-28 21:20:00";"2026-09-29 01:56:00";77239.0;200;"ACTIVE";"Air France AF606"
488;"TK961";"Mumbai";"Frankfurt";"2026-09-28 09:29:00";"2026-09-28 22:53:00";97890.0;160;"ACTIVE";"Turkish TK961"
489;"SQ609";"Delhi";"Tokyo";"2026-09-10 18:25:00";"2026-09-11 08:14:00";43869.0;220;"ACTIVE";"Singapore SQ609"
490;"SG619";"Chennai";"Mumbai";"2026-09-25 03:35:00";"2026-09-25 05:38:00";3170.0;170;"ACTIVE";"SpiceJet SG619"
491;"SG963";"Hyderabad";"Kolkata";"2026-08-23 00:15:00";"2026-08-23 02:24:00";2678.0;180;"ACTIVE";"SpiceJet SG963"
492;"AF941";"Delhi";"Singapore";"2026-09-20 15:51:00";"2026-09-21 04:04:00";39576.0;250;"ACTIVE";"Air France AF941"
493;"UK738";"Jaipur";"Delhi";"2026-09-03 04:51:00";"2026-09-03 07:48:00";6276.0;170;"ACTIVE";"Vistara UK738"
494;"SQ831";"Delhi";"London";"2026-08-17 09:14:00";"2026-08-17 22:05:00";41660.0;200;"ACTIVE";"Singapore SQ831"
495;"AI748";"Chennai";"Bangalore";"2026-09-21 18:10:00";"2026-09-21 20:21:00";2969.0;186;"ACTIVE";"Air India AI748"
496;"EK548";"Mumbai";"Munich";"2026-09-26 19:56:00";"2026-09-27 03:42:00";72472.0;170;"ACTIVE";"Emirates EK548"
497;"AA645";"Mumbai";"Toronto";"2026-09-06 03:01:00";"2026-09-06 08:36:00";86883.0;250;"ACTIVE";"American AA645"
498;"UK681";"Hyderabad";"Kolkata";"2026-09-25 04:22:00";"2026-09-25 06:09:00";2631.0;170;"ACTIVE";"Vistara UK681"
499;"AA999";"Chennai";"Singapore";"2026-08-25 21:07:00";"2026-08-26 05:00:00";53611.0;250;"ACTIVE";"American AA999"
500;"QR653";"Mumbai";"Hong Kong";"2026-08-22 04:37:00";"2026-08-22 18:47:00";43206.0;200;"ACTIVE";"Qatar QR653"
501;"SQ783";"Mumbai";"London";"2026-09-27 23:48:00";"2026-09-28 14:08:00";23249.0;210;"ACTIVE";"Singapore SQ783"
502;"EY503";"Chennai";"Doha";"2026-08-18 06:03:00";"2026-08-18 09:54:00";70229.0;190;"ACTIVE";"Etihad EY503"
503;"SG813";"Mumbai";"Kolkata";"2026-09-03 06:07:00";"2026-09-03 08:26:00";2692.0;186;"ACTIVE";"SpiceJet SG813"
504;"SQ824";"Mumbai";"London";"2026-09-07 05:28:00";"2026-09-07 18:51:00";45852.0;150;"ACTIVE";"Singapore SQ824"
505;"BA715";"Chennai";"London";"2026-09-22 14:23:00";"2026-09-22 17:00:00";104981.0;170;"ACTIVE";"British BA715"
506;"AI863";"Pune";"Bangalore";"2026-08-28 12:35:00";"2026-08-28 14:56:00";3336.0;170;"ACTIVE";"Air India AI863"
507;"BA720";"Mumbai";"Istanbul";"2026-09-12 11:49:00";"2026-09-12 14:09:00";22488.0;200;"ACTIVE";"British BA720"
508;"EK922";"Delhi";"Singapore";"2026-08-21 18:28:00";"2026-08-21 21:08:00";92384.0;250;"ACTIVE";"Emirates EK922"
509;"JL848";"Bangalore";"Istanbul";"2026-09-03 19:03:00";"2026-09-03 21:17:00";76519.0;160;"ACTIVE";"Japan JL848"
510;"SQ552";"Delhi";"Chicago";"2026-08-20 00:36:00";"2026-08-20 11:57:00";80317.0;210;"ACTIVE";"Singapore SQ552"
511;"AF502";"Delhi";"Chicago";"2026-08-16 10:52:00";"2026-08-16 20:09:00";100168.0;150;"ACTIVE";"Air France AF502"
512;"QR741";"Mumbai";"London";"2026-08-16 20:42:00";"2026-08-17 00:54:00";46605.0;160;"ACTIVE";"Qatar QR741"
513;"QP687";"Hyderabad";"Mumbai";"2026-09-22 13:48:00";"2026-09-22 15:04:00";5892.0;160;"ACTIVE";"Akasa QP687"
514;"BA755";"Mumbai";"London";"2026-09-07 08:36:00";"2026-09-07 22:42:00";56422.0;250;"ACTIVE";"British BA755"
515;"LH507";"Chennai";"Doha";"2026-09-27 21:09:00";"2026-09-28 00:11:00";22190.0;150;"ACTIVE";"Lufthansa LH507"
516;"EY873";"Mumbai";"London";"2026-09-14 03:11:00";"2026-09-14 10:30:00";68980.0;190;"ACTIVE";"Etihad EY873"
517;"SG985";"Mumbai";"Kolkata";"2026-09-12 21:52:00";"2026-09-12 23:49:00";2689.0;170;"ACTIVE";"SpiceJet SG985"
518;"CX988";"Mumbai";"Frankfurt";"2026-09-16 07:20:00";"2026-09-16 15:31:00";36993.0;160;"ACTIVE";"Cathay CX988"
519;"SG901";"Kolkata";"Bangalore";"2026-09-21 15:22:00";"2026-09-21 17:06:00";5359.0;180;"ACTIVE";"SpiceJet SG901"
520;"LH871";"Bangalore";"Tokyo";"2026-08-16 18:03:00";"2026-08-17 06:23:00";25947.0;200;"ACTIVE";"Lufthansa LH871"
521;"EY692";"Delhi";"Tokyo";"2026-09-03 19:18:00";"2026-09-04 01:30:00";94633.0;210;"ACTIVE";"Etihad EY692"
522;"EY500";"Delhi";"Paris";"2026-08-31 14:36:00";"2026-09-01 04:21:00";77148.0;190;"ACTIVE";"Etihad EY500"
523;"SG572";"Mumbai";"Bangalore";"2026-09-24 09:45:00";"2026-09-24 12:41:00";2546.0;170;"ACTIVE";"SpiceJet SG572"
524;"EY897";"Delhi";"Chicago";"2026-09-29 08:35:00";"2026-09-29 22:16:00";53893.0;250;"ACTIVE";"Etihad EY897"
525;"TK908";"Mumbai";"London";"2026-09-03 12:45:00";"2026-09-03 23:01:00";88776.0;250;"ACTIVE";"Turkish TK908"
526;"6E862";"Goa";"Mumbai";"2026-08-26 00:41:00";"2026-08-26 02:50:00";2671.0;180;"ACTIVE";"IndiGo 6E862"
527;"EY544";"Delhi";"Dubai";"2026-09-11 00:39:00";"2026-09-11 11:52:00";68459.0;220;"ACTIVE";"Etihad EY544"
528;"QR953";"Delhi";"Paris";"2026-09-25 10:53:00";"2026-09-25 17:18:00";70191.0;250;"ACTIVE";"Qatar QR953"
529;"CX608";"Chennai";"Singapore";"2026-08-25 08:03:00";"2026-08-25 13:16:00";95244.0;180;"ACTIVE";"Cathay CX608"
530;"UK764";"Pune";"Bangalore";"2026-09-26 14:25:00";"2026-09-26 17:14:00";5140.0;180;"ACTIVE";"Vistara UK764"
531;"AI823";"Bangalore";"Kolkata";"2026-09-07 11:56:00";"2026-09-07 13:53:00";5264.0;150;"ACTIVE";"Air India AI823"
532;"BA643";"Kolkata";"Hong Kong";"2026-09-10 05:12:00";"2026-09-10 13:05:00";96277.0;150;"ACTIVE";"British BA643"
533;"QR790";"Delhi";"Doha";"2026-08-26 08:50:00";"2026-08-26 20:50:00";44823.0;220;"ACTIVE";"Qatar QR790"
534;"UK803";"Ahmedabad";"Mumbai";"2026-09-24 18:00:00";"2026-09-24 20:48:00";2995.0;180;"ACTIVE";"Vistara UK803"
535;"BA592";"Kolkata";"Paris";"2026-09-03 08:38:00";"2026-09-03 14:03:00";22963.0;200;"ACTIVE";"British BA592"
536;"AI984";"Delhi";"Bangalore";"2026-09-26 01:12:00";"2026-09-26 03:24:00";5228.0;180;"ACTIVE";"Air India AI984"
537;"QR663";"Bangalore";"Istanbul";"2026-09-12 09:39:00";"2026-09-12 16:02:00";33717.0;160;"ACTIVE";"Qatar QR663"
538;"AI935";"Chennai";"Hyderabad";"2026-08-23 18:05:00";"2026-08-23 20:12:00";5420.0;160;"ACTIVE";"Air India AI935"
539;"6E981";"Mumbai";"Hyderabad";"2026-09-02 02:07:00";"2026-09-02 03:49:00";3610.0;150;"ACTIVE";"IndiGo 6E981"
540;"QP863";"Mumbai";"Delhi";"2026-09-20 21:39:00";"2026-09-21 00:29:00";2585.0;170;"ACTIVE";"Akasa QP863"
541;"CX886";"Chennai";"Doha";"2026-08-16 06:43:00";"2026-08-16 14:08:00";31245.0;170;"ACTIVE";"Cathay CX886"
542;"SQ834";"Delhi";"Tokyo";"2026-08-21 02:49:00";"2026-08-21 17:45:00";95304.0;220;"ACTIVE";"Singapore SQ834"
543;"AA746";"Kolkata";"Paris";"2026-09-03 10:19:00";"2026-09-03 18:42:00";69124.0;160;"ACTIVE";"American AA746"
544;"6E967";"Kolkata";"Delhi";"2026-08-25 11:18:00";"2026-08-25 13:59:00";2303.0;180;"ACTIVE";"IndiGo 6E967"
545;"BA571";"Delhi";"Paris";"2026-09-22 18:48:00";"2026-09-23 09:35:00";28195.0;200;"ACTIVE";"British BA571"
546;"QR997";"Chennai";"Istanbul";"2026-09-01 11:52:00";"2026-09-01 21:35:00";20848.0;160;"ACTIVE";"Qatar QR997"
547;"6E669";"Kolkata";"Bangalore";"2026-08-26 18:14:00";"2026-08-26 19:42:00";3147.0;170;"ACTIVE";"IndiGo 6E669"
548;"BA945";"Delhi";"Abu Dhabi";"2026-08-23 06:03:00";"2026-08-23 15:32:00";90531.0;170;"ACTIVE";"British BA945"
549;"SG792";"Hyderabad";"Mumbai";"2026-09-25 18:09:00";"2026-09-25 19:53:00";3475.0;150;"ACTIVE";"SpiceJet SG792"
550;"6E733";"Delhi";"Goa";"2026-09-28 20:16:00";"2026-09-28 22:06:00";6222.0;150;"ACTIVE";"IndiGo 6E733"
551;"BA744";"Chennai";"Singapore";"2026-09-25 13:10:00";"2026-09-26 00:43:00";25451.0;180;"ACTIVE";"British BA744"
